Arthdal Chronicles;8;2;tvN;Corée du Sud;episode08-411009-01102023-saison2-Arthdal-Chronicles.html;01102023
Behind Your Touch;16;1;tvN;Corée du Sud;episode16-408686-01102023-saison1-Behind-Your-Touch.html;01102023
Bob's Burgers;1;14;tvN;Corée du Sud;episode01-408094-01102023-saison14-Bob-s-Burgers.html;01102023
Entre Tierras;4;1;tvN;Corée du Sud;episode04-410970-01102023-saison1-Entre-Tierras.html;01102023
Family Guy;1;22;tvN;Corée du Sud;episode01-408096-01102023-saison22-Family-Guy.html;01102023
Heartland (CA);1;17;tvN;Corée du Sud;episode01-410271-01102023-saison17-Heartland-(CA).html;01102023
Krapopolis;3;1;tvN;Corée du Sud;episode03-408093-01102023-saison1-Krapopolis.html;01102023
Last Week Tonight With John Oliver;11;10;tvN;Corée du Sud;episode11-410868-01102023-saison10-Last-Week-Tonight-With-John-Oliver.html;01102023
Les Mystères de l'amour;8;33;tvN;Corée du Sud;episode08-410185-01102023-saison33-Les-Mysteres-de-l-amour.html;01102023
SkyMed;1;2;tvN;Corée du Sud;episode01-410144-01102023-saison2-SkyMed.html;01102023
The Simpsons;1;35;tvN;Corée du Sud;episode01-408095-01102023-saison35-The-Simpsons.html;01102023
The Villains of Valley View;15;2;tvN;Corée du Sud;episode15-410803-01102023-saison2-The-Villains-of-Valley-View.html;01102023
The Walking Dead: Daryl Dixon;4;1;tvN;Corée du Sud;episode04-409847-01102023-saison1-The-Walking-Dead-Daryl-Dixon.html;01102023
When Calls the Heart;10;10;tvN;Corée du Sud;episode10-407539-01102023-saison10-When-Calls-the-Heart.html;01102023
5è Rang;4;6;Radio Canada;Canada;episode04-410913-02102023-saison6-5e-Rang.html;02102023
66-5;5;1;Radio Canada;Canada;episode05-410553-02102023-saison1-66-5.html;02102023
66-5;6;1;Radio Canada;Canada;episode06-410554-02102023-saison1-66-5.html;02102023
Alertes;16;3;Radio Canada;Canada;episode16-410912-02102023-saison3-Alertes.html;02102023
American Dad!;14;19;Radio Canada;Canada;episode14-410594-02102023-saison19-American-Dad.html;02102023
Demain nous appartient;31;7;Radio Canada;Canada;episode31-410920-02102023-saison7-Demain-nous-appartient.html;02102023
Familie Bundschuh;8;1;Radio Canada;Canada;episode08-409953-02102023-saison1-Familie-Bundschuh.html;02102023
Ici tout commence;26;4;Radio Canada;Canada;episode26-410915-02102023-saison4-Ici-tout-commence.html;02102023
Infiltré(e);3;1;Radio Canada;Canada;episode03-410718-02102023-saison1-Infiltre(e).html;02102023
Infiltré(e);4;1;Radio Canada;Canada;episode04-410719-02102023-saison1-Infiltre(e).html;02102023
Kamikaze (NOR);3;1;Radio Canada;Canada;episode03-410738-02102023-saison1-Kamikaze-(NOR).html;02102023
Murdoch Mysteries;1;17;Radio Canada;Canada;episode01-410145-02102023-saison17-Murdoch-Mysteries.html;02102023
Narvalo;3;3;Radio Canada;Canada;episode03-410627-02102023-saison3-Narvalo.html;02102023
Narvalo;4;3;Radio Canada;Canada;episode04-410628-02102023-saison3-Narvalo.html;02102023
Pure Boxer;13;1;Radio Canada;Canada;episode13-409147-02102023-saison1-Pure-Boxer.html;02102023
SOKO Potsdam;2;6;Radio Canada;Canada;episode02-410907-02102023-saison6-SOKO-Potsdam.html;02102023
The Irrational;2;1;Radio Canada;Canada;episode02-409167-02102023-saison1-The-Irrational.html;02102023
The Long Shadow;2;1;Radio Canada;Canada;episode02-410620-02102023-saison1-The-Long-Shadow.html;02102023
The Long Shadow;3;1;Radio Canada;Canada;episode03-410816-02102023-saison1-The-Long-Shadow.html;02102023
The Long Shadow;4;1;Radio Canada;Canada;episode04-410897-02102023-saison1-The-Long-Shadow.html;02102023
The Long Shadow;5;1;Radio Canada;Canada;episode05-410898-02102023-saison1-The-Long-Shadow.html;02102023
The Long Shadow;6;1;Radio Canada;Canada;episode06-410899-02102023-saison1-The-Long-Shadow.html;02102023
The Long Shadow;7;1;Radio Canada;Canada;episode07-410900-02102023-saison1-The-Long-Shadow.html;02102023
Un Si Grand Soleil;23;6;Radio Canada;Canada;episode23-410925-02102023-saison6-Un-Si-Grand-Soleil.html;02102023
Ví?az;5;1;Radio Canada;Canada;episode05-410696-02102023-saison1-Viaz.html;02102023
Ahsoka;8;1;Disney+;Etats-Unis;episode08-406770-03102023-saison1-Ahsoka.html;03102023
Alexandra Ehle;1;4;Disney+;Etats-Unis;episode01-410257-03102023-saison4-Alexandra-Ehle.html;03102023
À coeur battant;4;2;Disney+;Etats-Unis;episode04-410929-03102023-saison2-A-coeur-battant.html;03102023
Club Soly;4;3;Disney+;Etats-Unis;episode04-410931-03102023-saison3-Club-Soly.html;03102023
Demain nous appartient;32;7;Disney+;Etats-Unis;episode32-410921-03102023-saison7-Demain-nous-appartient.html;03102023
Found;1;1;Disney+;Etats-Unis;episode01-408424-03102023-saison1-Found.html;03102023
Ici tout commence;27;4;Disney+;Etats-Unis;episode27-410916-03102023-saison4-Ici-tout-commence.html;03102023
Only Murders in The Building;10;3;Disney+;Etats-Unis;episode10-406259-03102023-saison3-Only-Murders-in-The-Building.html;03102023
Un Si Grand Soleil;24;6;Disney+;Etats-Unis;episode24-410926-03102023-saison6-Un-Si-Grand-Soleil.html;03102023
Aller simple;4;2;Noovo.ca;Canada;episode04-410649-04102023-saison2-Aller-simple.html;04102023
American Horror Story;3;12;Noovo.ca;Canada;episode03-410183-04102023-saison12-American-Horror-Story.html;04102023
Archer (2009);7;14;Noovo.ca;Canada;episode07-408904-04102023-saison14-Archer-(2009).html;04102023
Assisted Living;20;4;Noovo.ca;Canada;episode20-410621-04102023-saison4-Assisted-Living.html;04102023
Assisted Living;21;4;Noovo.ca;Canada;episode21-410622-04102023-saison4-Assisted-Living.html;04102023
Assisted Living;22;4;Noovo.ca;Canada;episode22-410623-04102023-saison4-Assisted-Living.html;04102023
Bones of Crows;3;1;Noovo.ca;Canada;episode03-410642-04102023-saison1-Bones-of-Crows.html;04102023
Children Ruin Everything;2;3;Noovo.ca;Canada;episode02-410794-04102023-saison3-Children-Ruin-Everything.html;04102023
Chucky;1;3;Noovo.ca;Canada;episode01-409037-04102023-saison3-Chucky.html;04102023
Demain nous appartient;33;7;Noovo.ca;Canada;episode33-410922-04102023-saison7-Demain-nous-appartient.html;04102023
Hans River Police;7;1;Noovo.ca;Canada;episode07-409972-04102023-saison1-Hans-River-Police.html;04102023
Hans River Police;8;1;Noovo.ca;Canada;episode08-409973-04102023-saison1-Hans-River-Police.html;04102023
Hudson & Rex;1;6;Noovo.ca;Canada;episode01-410258-04102023-saison6-Hudson--Rex.html;04102023
Ici tout commence;28;4;Noovo.ca;Canada;episode28-410917-04102023-saison4-Ici-tout-commence.html;04102023
Invasion (2021);7;2;Noovo.ca;Canada;episode07-407971-04102023-saison2-Invasion-(2021).html;04102023
Magnum P.I. (2018);11;5;Noovo.ca;Canada;episode11-409152-04102023-saison5-Magnum-PI-(2018).html;04102023
Quantum Leap (2022);1;2;Noovo.ca;Canada;episode01-408633-04102023-saison2-Quantum-Leap-(2022).html;04102023
RFDS;8;2;Noovo.ca;Canada;episode08-410739-04102023-saison2-RFDS.html;04102023
Robyn Hood;2;1;Noovo.ca;Canada;episode02-410949-04102023-saison1-Robyn-Hood.html;04102023
SurrealEstate;1;2;Noovo.ca;Canada;episode01-409249-04102023-saison2-SurrealEstate.html;04102023
The Morning Show;5;3;Noovo.ca;Canada;episode05-407700-04102023-saison3-The-Morning-Show.html;04102023
The Worst of Evil;4;1;Noovo.ca;Canada;episode04-410766-04102023-saison1-The-Worst-of-Evil.html;04102023
The Worst of Evil;5;1;Noovo.ca;Canada;episode05-410767-04102023-saison1-The-Worst-of-Evil.html;04102023
Un Si Grand Soleil;25;6;Noovo.ca;Canada;episode25-410927-04102023-saison6-Un-Si-Grand-Soleil.html;04102023
Young Dylan;5;4;Noovo.ca;Canada;episode05-410578-04102023-saison4-Young-Dylan.html;04102023
All Creatures Great and Small (2020);1;4;Channel 5;Royaume-Uni;episode01-410607-05102023-saison4-All-Creatures-Great-and-Small-(2020).html;05102023
À La Carte;4;2;Channel 5;Royaume-Uni;episode04-410517-05102023-saison2-A-La-Carte.html;05102023
Demain nous appartient;34;7;Channel 5;Royaume-Uni;episode34-410923-05102023-saison7-Demain-nous-appartient.html;05102023
Everything Now;1;1;Channel 5;Royaume-Uni;episode01-410218-05102023-saison1-Everything-Now.html;05102023
Everything Now;2;1;Channel 5;Royaume-Uni;episode02-410890-05102023-saison1-Everything-Now.html;05102023
Everything Now;3;1;Channel 5;Royaume-Uni;episode03-410891-05102023-saison1-Everything-Now.html;05102023
Everything Now;4;1;Channel 5;Royaume-Uni;episode04-410892-05102023-saison1-Everything-Now.html;05102023
Everything Now;5;1;Channel 5;Royaume-Uni;episode05-410893-05102023-saison1-Everything-Now.html;05102023
Everything Now;6;1;Channel 5;Royaume-Uni;episode06-410894-05102023-saison1-Everything-Now.html;05102023
Everything Now;7;1;Channel 5;Royaume-Uni;episode07-410895-05102023-saison1-Everything-Now.html;05102023
Everything Now;8;1;Channel 5;Royaume-Uni;episode08-410896-05102023-saison1-Everything-Now.html;05102023
Ici tout commence;29;4;Channel 5;Royaume-Uni;episode29-410918-05102023-saison4-Ici-tout-commence.html;05102023
Les révoltés;5;1;Channel 5;Royaume-Uni;episode05-411201-05102023-saison1-Les-revoltes.html;05102023
Les révoltés;6;1;Channel 5;Royaume-Uni;episode06-411202-05102023-saison1-Les-revoltes.html;05102023
Loki;1;2;Channel 5;Royaume-Uni;episode01-410901-05102023-saison2-Loki.html;05102023
Lupin;1;3;Channel 5;Royaume-Uni;episode01-404379-05102023-saison3-Lupin.html;05102023
Lupin;2;3;Channel 5;Royaume-Uni;episode02-404380-05102023-saison3-Lupin.html;05102023
Lupin;3;3;Channel 5;Royaume-Uni;episode03-404381-05102023-saison3-Lupin.html;05102023
Lupin;4;3;Channel 5;Royaume-Uni;episode04-404382-05102023-saison3-Lupin.html;05102023
Lupin;5;3;Channel 5;Royaume-Uni;episode05-404383-05102023-saison3-Lupin.html;05102023
Lupin;6;3;Channel 5;Royaume-Uni;episode06-404384-05102023-saison3-Lupin.html;05102023
Lupin;7;3;Channel 5;Royaume-Uni;episode07-404385-05102023-saison3-Lupin.html;05102023
Our Flag Means Death;1;2;Channel 5;Royaume-Uni;episode01-409662-05102023-saison2-Our-Flag-Means-Death.html;05102023
Our Flag Means Death;2;2;Channel 5;Royaume-Uni;episode02-409663-05102023-saison2-Our-Flag-Means-Death.html;05102023
Our Flag Means Death;3;2;Channel 5;Royaume-Uni;episode03-409664-05102023-saison2-Our-Flag-Means-Death.html;05102023
Rictus;7;1;Channel 5;Royaume-Uni;episode07-409050-05102023-saison1-Rictus.html;05102023
Rictus;8;1;Channel 5;Royaume-Uni;episode08-409051-05102023-saison1-Rictus.html;05102023
Rictus;9;1;Channel 5;Royaume-Uni;episode09-409052-05102023-saison1-Rictus.html;05102023
Sous contrôle;1;1;Channel 5;Royaume-Uni;episode01-408741-05102023-saison1-Sous-controle.html;05102023
Sous contrôle;2;1;Channel 5;Royaume-Uni;episode02-411048-05102023-saison1-Sous-controle.html;05102023
Sous contrôle;3;1;Channel 5;Royaume-Uni;episode03-411049-05102023-saison1-Sous-controle.html;05102023
Sous contrôle;4;1;Channel 5;Royaume-Uni;episode04-411050-05102023-saison1-Sous-controle.html;05102023
Sous contrôle;5;1;Channel 5;Royaume-Uni;episode05-411051-05102023-saison1-Sous-controle.html;05102023
Sous contrôle;6;1;Channel 5;Royaume-Uni;episode06-411052-05102023-saison1-Sous-controle.html;05102023
Star Trek: Lower Decks;6;4;Channel 5;Royaume-Uni;episode06-409760-05102023-saison4-Star-Trek-Lower-Decks.html;05102023
Tacoma FD;12;4;Channel 5;Royaume-Uni;episode12-410643-05102023-saison4-Tacoma-FD.html;05102023
Tacoma FD;13;4;Channel 5;Royaume-Uni;episode13-410644-05102023-saison4-Tacoma-FD.html;05102023
Young Love;9;1;Channel 5;Royaume-Uni;episode09-410862-05102023-saison1-Young-Love.html;05102023
Young Love;10;1;Channel 5;Royaume-Uni;episode10-410863-05102023-saison1-Young-Love.html;05102023
Young Love;11;1;Channel 5;Royaume-Uni;episode11-410864-05102023-saison1-Young-Love.html;05102023
Young Love;12;1;Channel 5;Royaume-Uni;episode12-410865-05102023-saison1-Young-Love.html;05102023
Billions;9;7;Showtime;Etats-Unis;episode09-409168-06102023-saison7-Billions.html;06102023
Demain nous appartient;35;7;Showtime;Etats-Unis;episode35-410924-06102023-saison7-Demain-nous-appartient.html;06102023
Familjen Andersson;8;1;Showtime;Etats-Unis;episode08-409539-06102023-saison1-Familjen-Andersson.html;06102023
Gaslight;4;1;Showtime;Etats-Unis;episode04-410680-06102023-saison1-Gaslight.html;06102023
Gaslight;5;1;Showtime;Etats-Unis;episode05-410681-06102023-saison1-Gaslight.html;06102023
Gaslight;6;1;Showtime;Etats-Unis;episode06-410682-06102023-saison1-Gaslight.html;06102023
Gen V;4;1;Showtime;Etats-Unis;episode04-408428-06102023-saison1-Gen-V.html;06102023
Ghosts (UK);1;5;Showtime;Etats-Unis;episode01-410534-06102023-saison5-Ghosts-(UK).html;06102023
Ghosts (UK);2;5;Showtime;Etats-Unis;episode02-410722-06102023-saison5-Ghosts-(UK).html;06102023
Ghosts (UK);3;5;Showtime;Etats-Unis;episode03-410723-06102023-saison5-Ghosts-(UK).html;06102023
Ghosts (UK);4;5;Showtime;Etats-Unis;episode04-410724-06102023-saison5-Ghosts-(UK).html;06102023
Ghosts (UK);5;5;Showtime;Etats-Unis;episode05-410725-06102023-saison5-Ghosts-(UK).html;06102023
Ghosts (UK);6;5;Showtime;Etats-Unis;episode06-410726-06102023-saison5-Ghosts-(UK).html;06102023
Huset;6;1;Showtime;Etats-Unis;episode06-410716-06102023-saison1-Huset.html;06102023
Ici tout commence;30;4;Showtime;Etats-Unis;episode30-410919-06102023-saison4-Ici-tout-commence.html;06102023
Last Exit Schinkenstraße;1;1;Showtime;Etats-Unis;episode01-411018-06102023-saison1-Last-Exit-Schinkenstraße.html;06102023
Last Exit Schinkenstraße;2;1;Showtime;Etats-Unis;episode02-411019-06102023-saison1-Last-Exit-Schinkenstraße.html;06102023
Last Exit Schinkenstraße;3;1;Showtime;Etats-Unis;episode03-411020-06102023-saison1-Last-Exit-Schinkenstraße.html;06102023
Last Exit Schinkenstraße;4;1;Showtime;Etats-Unis;episode04-411021-06102023-saison1-Last-Exit-Schinkenstraße.html;06102023
Last Exit Schinkenstraße;5;1;Showtime;Etats-Unis;episode05-411022-06102023-saison1-Last-Exit-Schinkenstraße.html;06102023
Last Exit Schinkenstraße;6;1;Showtime;Etats-Unis;episode06-411023-06102023-saison1-Last-Exit-Schinkenstraße.html;06102023
Power Book IV: Force;6;2;Showtime;Etats-Unis;episode06-410815-06102023-saison2-Power-Book-IV-Force.html;06102023
Shoresy;3;2;Showtime;Etats-Unis;episode03-410866-06102023-saison2-Shoresy.html;06102023
SOKO Leipzig;7;24;Showtime;Etats-Unis;episode07-410561-06102023-saison24-SOKO-Leipzig.html;06102023
Solsidan;3;8;Showtime;Etats-Unis;episode03-410858-06102023-saison8-Solsidan.html;06102023
Still Up;5;1;Showtime;Etats-Unis;episode05-408946-06102023-saison1-Still-Up.html;06102023
The Changeling;7;1;Showtime;Etats-Unis;episode07-408182-06102023-saison1-The-Changeling.html;06102023
The Continental: From The World Of John Wick;3;1;Showtime;Etats-Unis;episode03-408644-06102023-saison1-The-Continental-From-The-World-Of-John-Wick.html;06102023
The Wheel of Time;8;2;Showtime;Etats-Unis;episode08-408196-06102023-saison2-The-Wheel-of-Time.html;06102023
Transplant;1;4;Showtime;Etats-Unis;episode01-408389-06102023-saison4-Transplant.html;06102023
Un Si Grand Soleil;26;6;Showtime;Etats-Unis;episode26-410928-06102023-saison6-Un-Si-Grand-Soleil.html;06102023
All Rise;14;3;OWN;Etats-Unis;episode14-410327-07102023-saison3-All-Rise.html;07102023
Arthdal Chronicles;9;2;OWN;Etats-Unis;episode09-411010-07102023-saison2-Arthdal-Chronicles.html;07102023
Boomer;6;1;OWN;Etats-Unis;episode06-409827-07102023-saison1-Boomer.html;07102023
Johnson;10;3;OWN;Etats-Unis;episode10-410645-07102023-saison3-Johnson.html;07102023
Arthdal Chronicles;10;2;tvN;Corée du Sud;episode10-411011-08102023-saison2-Arthdal-Chronicles.html;08102023
Bob's Burgers;2;14;tvN;Corée du Sud;episode02-410729-08102023-saison14-Bob-s-Burgers.html;08102023
Entre Tierras;5;1;tvN;Corée du Sud;episode05-410971-08102023-saison1-Entre-Tierras.html;08102023
Family Guy;2;22;tvN;Corée du Sud;episode02-410730-08102023-saison22-Family-Guy.html;08102023
Heartland (CA);2;17;tvN;Corée du Sud;episode02-410535-08102023-saison17-Heartland-(CA).html;08102023
Krapopolis;4;1;tvN;Corée du Sud;episode04-410328-08102023-saison1-Krapopolis.html;08102023
Last Week Tonight With John Oliver;12;10;tvN;Corée du Sud;episode12-411014-08102023-saison10-Last-Week-Tonight-With-John-Oliver.html;08102023
Les Mystères de l'amour;9;33;tvN;Corée du Sud;episode09-410595-08102023-saison33-Les-Mysteres-de-l-amour.html;08102023
SkyMed;2;2;tvN;Corée du Sud;episode02-410740-08102023-saison2-SkyMed.html;08102023
The Simpsons;2;35;tvN;Corée du Sud;episode02-410728-08102023-saison35-The-Simpsons.html;08102023
The Walking Dead: Daryl Dixon;5;1;tvN;Corée du Sud;episode05-409848-08102023-saison1-The-Walking-Dead-Daryl-Dixon.html;08102023
The Winter King;6;1;tvN;Corée du Sud;episode06-409132-08102023-saison1-The-Winter-King.html;08102023
When Calls the Heart;11;10;tvN;Corée du Sud;episode11-407540-08102023-saison10-When-Calls-the-Heart.html;08102023
5è Rang;5;6;Radio Canada;Canada;episode05-410914-09102023-saison6-5e-Rang.html;09102023
66-5;7;1;Radio Canada;Canada;episode07-410555-09102023-saison1-66-5.html;09102023
66-5;8;1;Radio Canada;Canada;episode08-410556-09102023-saison1-66-5.html;09102023
Alertes;17;3;Radio Canada;Canada;episode17-411030-09102023-saison3-Alertes.html;09102023
Demain nous appartient;36;7;Radio Canada;Canada;episode36-411033-09102023-saison7-Demain-nous-appartient.html;09102023
Harry Wild;1;2;Radio Canada;Canada;episode01-410199-09102023-saison2-Harry-Wild.html;09102023
Harry Wild;2;2;Radio Canada;Canada;episode02-410200-09102023-saison2-Harry-Wild.html;09102023
Ici tout commence;31;4;Radio Canada;Canada;episode31-411038-09102023-saison4-Ici-tout-commence.html;09102023
Infiltré(e);5;1;Radio Canada;Canada;episode05-410720-09102023-saison1-Infiltre(e).html;09102023
Infiltré(e);6;1;Radio Canada;Canada;episode06-410721-09102023-saison1-Infiltre(e).html;09102023
Kamikaze (NOR);4;1;Radio Canada;Canada;episode04-411031-09102023-saison1-Kamikaze-(NOR).html;09102023
Mentiras pasajeras;1;1;Radio Canada;Canada;episode01-410619-09102023-saison1-Mentiras-pasajeras.html;09102023
Murdoch Mysteries;2;17;Radio Canada;Canada;episode02-410605-09102023-saison17-Murdoch-Mysteries.html;09102023
Narvalo;5;3;Radio Canada;Canada;episode05-410629-09102023-saison3-Narvalo.html;09102023
SOKO Potsdam;3;6;Radio Canada;Canada;episode03-410908-09102023-saison6-SOKO-Potsdam.html;09102023
The Irrational;3;1;Radio Canada;Canada;episode03-409679-09102023-saison1-The-Irrational.html;09102023
Un Si Grand Soleil;27;6;Radio Canada;Canada;episode27-411043-09102023-saison6-Un-Si-Grand-Soleil.html;09102023
Ví?az;6;1;Radio Canada;Canada;episode06-410697-09102023-saison1-Viaz.html;09102023
Alexandra Ehle;2;4;France 3;France;episode02-405395-10102023-saison4-Alexandra-Ehle.html;10102023
À coeur battant;5;2;France 3;France;episode05-410930-10102023-saison2-A-coeur-battant.html;10102023
Club Soly;5;3;France 3;France;episode05-411047-10102023-saison3-Club-Soly.html;10102023
Demain nous appartient;37;7;France 3;France;episode37-411034-10102023-saison7-Demain-nous-appartient.html;10102023
Found;2;1;France 3;France;episode02-409591-10102023-saison1-Found.html;10102023
Ici tout commence;32;4;France 3;France;episode32-411039-10102023-saison4-Ici-tout-commence.html;10102023
4EVER;1;1;Disney+;Etats-Unis;episode01-411025-11102023-saison1-4EVER.html;11102023
4EVER;2;1;Disney+;Etats-Unis;episode02-411026-11102023-saison1-4EVER.html;11102023
4EVER;3;1;Disney+;Etats-Unis;episode03-411027-11102023-saison1-4EVER.html;11102023
4EVER;4;1;Disney+;Etats-Unis;episode04-411028-11102023-saison1-4EVER.html;11102023
4EVER;5;1;Disney+;Etats-Unis;episode05-411029-11102023-saison1-4EVER.html;11102023
Aller simple;5;2;Disney+;Etats-Unis;episode05-410650-11102023-saison2-Aller-simple.html;11102023
Aller simple;6;2;Disney+;Etats-Unis;episode06-411054-11102023-saison2-Aller-simple.html;11102023
American Horror Story;4;12;Disney+;Etats-Unis;episode04-410339-11102023-saison12-American-Horror-Story.html;11102023
Archer (2009);8;14;Disney+;Etats-Unis;episode08-408905-11102023-saison14-Archer-(2009).html;11102023
Bones of Crows;4;1;Disney+;Etats-Unis;episode04-410782-11102023-saison1-Bones-of-Crows.html;11102023
Children Ruin Everything;3;3;Disney+;Etats-Unis;episode03-410932-11102023-saison3-Children-Ruin-Everything.html;11102023
Chucky;2;3;Disney+;Etats-Unis;episode02-409115-11102023-saison3-Chucky.html;11102023
Cooper's Bar;1;2;Disney+;Etats-Unis;episode01-410431-11102023-saison2-Cooper-s-Bar.html;11102023
Cooper's Bar;2;2;Disney+;Etats-Unis;episode02-411062-11102023-saison2-Cooper-s-Bar.html;11102023
Demain nous appartient;38;7;Disney+;Etats-Unis;episode38-411035-11102023-saison7-Demain-nous-appartient.html;11102023
Hans River Police;9;1;Disney+;Etats-Unis;episode09-409974-11102023-saison1-Hans-River-Police.html;11102023
Hans River Police;10;1;Disney+;Etats-Unis;episode10-409975-11102023-saison1-Hans-River-Police.html;11102023
Hudson & Rex;2;6;Disney+;Etats-Unis;episode02-410259-11102023-saison6-Hudson--Rex.html;11102023
Ici tout commence;33;4;Disney+;Etats-Unis;episode33-411040-11102023-saison4-Ici-tout-commence.html;11102023
Invasion (2021);8;2;Disney+;Etats-Unis;episode08-407972-11102023-saison2-Invasion-(2021).html;11102023
La Mesias;1;1;Disney+;Etats-Unis;episode01-410340-11102023-saison1-La-Mesias.html;11102023
La Mesias;2;1;Disney+;Etats-Unis;episode02-410544-11102023-saison1-La-Mesias.html;11102023
Magnum P.I. (2018);12;5;Disney+;Etats-Unis;episode12-410783-11102023-saison5-Magnum-PI-(2018).html;11102023
Nada;1;1;Disney+;Etats-Unis;episode01-410264-11102023-saison1-Nada.html;11102023
Nada;2;1;Disney+;Etats-Unis;episode02-411069-11102023-saison1-Nada.html;11102023
Nada;3;1;Disney+;Etats-Unis;episode03-411070-11102023-saison1-Nada.html;11102023
Nada;4;1;Disney+;Etats-Unis;episode04-411071-11102023-saison1-Nada.html;11102023
Nada;5;1;Disney+;Etats-Unis;episode05-411072-11102023-saison1-Nada.html;11102023
Pacto de Silencio;1;1;Disney+;Etats-Unis;episode01-410272-11102023-saison1-Pacto-de-Silencio.html;11102023
Pacto de Silencio;2;1;Disney+;Etats-Unis;episode02-411073-11102023-saison1-Pacto-de-Silencio.html;11102023
Pacto de Silencio;3;1;Disney+;Etats-Unis;episode03-411074-11102023-saison1-Pacto-de-Silencio.html;11102023
Pacto de Silencio;4;1;Disney+;Etats-Unis;episode04-411075-11102023-saison1-Pacto-de-Silencio.html;11102023
Pacto de Silencio;5;1;Disney+;Etats-Unis;episode05-411076-11102023-saison1-Pacto-de-Silencio.html;11102023
Pacto de Silencio;6;1;Disney+;Etats-Unis;episode06-411077-11102023-saison1-Pacto-de-Silencio.html;11102023
Pacto de Silencio;7;1;Disney+;Etats-Unis;episode07-411078-11102023-saison1-Pacto-de-Silencio.html;11102023
Pacto de Silencio;8;1;Disney+;Etats-Unis;episode08-411079-11102023-saison1-Pacto-de-Silencio.html;11102023
Pacto de Silencio;9;1;Disney+;Etats-Unis;episode09-411080-11102023-saison1-Pacto-de-Silencio.html;11102023
Pacto de Silencio;10;1;Disney+;Etats-Unis;episode10-411081-11102023-saison1-Pacto-de-Silencio.html;11102023
Pacto de Silencio;11;1;Disney+;Etats-Unis;episode11-411082-11102023-saison1-Pacto-de-Silencio.html;11102023
Pacto de Silencio;12;1;Disney+;Etats-Unis;episode12-411083-11102023-saison1-Pacto-de-Silencio.html;11102023
Pacto de Silencio;13;1;Disney+;Etats-Unis;episode13-411084-11102023-saison1-Pacto-de-Silencio.html;11102023
Pacto de Silencio;14;1;Disney+;Etats-Unis;episode14-411085-11102023-saison1-Pacto-de-Silencio.html;11102023
Pacto de Silencio;15;1;Disney+;Etats-Unis;episode15-411086-11102023-saison1-Pacto-de-Silencio.html;11102023
Pacto de Silencio;16;1;Disney+;Etats-Unis;episode16-411087-11102023-saison1-Pacto-de-Silencio.html;11102023
Pacto de Silencio;17;1;Disney+;Etats-Unis;episode17-411088-11102023-saison1-Pacto-de-Silencio.html;11102023
Pacto de Silencio;18;1;Disney+;Etats-Unis;episode18-411089-11102023-saison1-Pacto-de-Silencio.html;11102023
Quantum Leap (2022);2;2;Disney+;Etats-Unis;episode02-409735-11102023-saison2-Quantum-Leap-(2022).html;11102023
Robyn Hood;3;1;Disney+;Etats-Unis;episode03-410950-11102023-saison1-Robyn-Hood.html;11102023
SurrealEstate;2;2;Disney+;Etats-Unis;episode02-410804-11102023-saison2-SurrealEstate.html;11102023
The Morning Show;6;3;Disney+;Etats-Unis;episode06-407701-11102023-saison3-The-Morning-Show.html;11102023
The Worst of Evil;6;1;Disney+;Etats-Unis;episode06-410768-11102023-saison1-The-Worst-of-Evil.html;11102023
The Worst of Evil;7;1;Disney+;Etats-Unis;episode07-410769-11102023-saison1-The-Worst-of-Evil.html;11102023
Un Si Grand Soleil;28;6;Disney+;Etats-Unis;episode28-411044-11102023-saison6-Un-Si-Grand-Soleil.html;11102023
Young Dylan;6;4;Disney+;Etats-Unis;episode06-410624-11102023-saison4-Young-Dylan.html;11102023
All Creatures Great and Small (2020);2;4;Channel 5;Royaume-Uni;episode02-410698-12102023-saison4-All-Creatures-Great-and-Small-(2020).html;12102023
Alphonse;1;1;Channel 5;Royaume-Uni;episode01-411024-12102023-saison1-Alphonse.html;12102023
Alphonse;2;1;Channel 5;Royaume-Uni;episode02-411131-12102023-saison1-Alphonse.html;12102023
Alphonse;3;1;Channel 5;Royaume-Uni;episode03-411132-12102023-saison1-Alphonse.html;12102023
À La Carte;5;2;Channel 5;Royaume-Uni;episode05-410518-12102023-saison2-A-La-Carte.html;12102023
Cobra (UK);1;3;Channel 5;Royaume-Uni;episode01-410604-12102023-saison3-Cobra-(UK).html;12102023
Cobra (UK);2;3;Channel 5;Royaume-Uni;episode02-411133-12102023-saison3-Cobra-(UK).html;12102023
Cobra (UK);3;3;Channel 5;Royaume-Uni;episode03-411134-12102023-saison3-Cobra-(UK).html;12102023
Cobra (UK);4;3;Channel 5;Royaume-Uni;episode04-411135-12102023-saison3-Cobra-(UK).html;12102023
Cobra (UK);5;3;Channel 5;Royaume-Uni;episode05-411136-12102023-saison3-Cobra-(UK).html;12102023
Cobra (UK);6;3;Channel 5;Royaume-Uni;episode06-411137-12102023-saison3-Cobra-(UK).html;12102023
Demain nous appartient;39;7;Channel 5;Royaume-Uni;episode39-411036-12102023-saison7-Demain-nous-appartient.html;12102023
Doom Patrol;7;4;Channel 5;Royaume-Uni;episode07-410004-12102023-saison4-Doom-Patrol.html;12102023
Doom Patrol;8;4;Channel 5;Royaume-Uni;episode08-410005-12102023-saison4-Doom-Patrol.html;12102023
Frasier (2023);1;1;Channel 5;Royaume-Uni;episode01-409723-12102023-saison1-Frasier-(2023).html;12102023
Frasier (2023);2;1;Channel 5;Royaume-Uni;episode02-409724-12102023-saison1-Frasier-(2023).html;12102023
Ici tout commence;34;4;Channel 5;Royaume-Uni;episode34-411041-12102023-saison4-Ici-tout-commence.html;12102023
Les révoltés;7;1;Channel 5;Royaume-Uni;episode07-411203-12102023-saison1-Les-revoltes.html;12102023
Les révoltés;8;1;Channel 5;Royaume-Uni;episode08-411204-12102023-saison1-Les-revoltes.html;12102023
Loki;2;2;Channel 5;Royaume-Uni;episode02-410902-12102023-saison2-Loki.html;12102023
LT-21;1;1;Channel 5;Royaume-Uni;episode01-408962-12102023-saison1-LT-21.html;12102023
LT-21;2;1;Channel 5;Royaume-Uni;episode02-408963-12102023-saison1-LT-21.html;12102023
Nackt über Berlin;1;1;Channel 5;Royaume-Uni;episode01-410608-12102023-saison1-Nackt-uber-Berlin.html;12102023
Nackt über Berlin;2;1;Channel 5;Royaume-Uni;episode02-410609-12102023-saison1-Nackt-uber-Berlin.html;12102023
Nackt über Berlin;3;1;Channel 5;Royaume-Uni;episode03-410610-12102023-saison1-Nackt-uber-Berlin.html;12102023
Our Flag Means Death;4;2;Channel 5;Royaume-Uni;episode04-409665-12102023-saison2-Our-Flag-Means-Death.html;12102023
Our Flag Means Death;5;2;Channel 5;Royaume-Uni;episode05-409666-12102023-saison2-Our-Flag-Means-Death.html;12102023
Star Trek: Lower Decks;7;4;Channel 5;Royaume-Uni;episode07-409761-12102023-saison4-Star-Trek-Lower-Decks.html;12102023
The Fall of the House of Usher;1;1;Channel 5;Royaume-Uni;episode01-408906-12102023-saison1-The-Fall-of-the-House-of-Usher.html;12102023
The Fall of the House of Usher;2;1;Channel 5;Royaume-Uni;episode02-411090-12102023-saison1-The-Fall-of-the-House-of-Usher.html;12102023
The Fall of the House of Usher;3;1;Channel 5;Royaume-Uni;episode03-411091-12102023-saison1-The-Fall-of-the-House-of-Usher.html;12102023
The Fall of the House of Usher;4;1;Channel 5;Royaume-Uni;episode04-411092-12102023-saison1-The-Fall-of-the-House-of-Usher.html;12102023
The Fall of the House of Usher;5;1;Channel 5;Royaume-Uni;episode05-411093-12102023-saison1-The-Fall-of-the-House-of-Usher.html;12102023
The Fall of the House of Usher;6;1;Channel 5;Royaume-Uni;episode06-411094-12102023-saison1-The-Fall-of-the-House-of-Usher.html;12102023
The Fall of the House of Usher;7;1;Channel 5;Royaume-Uni;episode07-411095-12102023-saison1-The-Fall-of-the-House-of-Usher.html;12102023
The Fall of the House of Usher;8;1;Channel 5;Royaume-Uni;episode08-411096-12102023-saison1-The-Fall-of-the-House-of-Usher.html;12102023
Un Si Grand Soleil;29;6;Channel 5;Royaume-Uni;episode29-411045-12102023-saison6-Un-Si-Grand-Soleil.html;12102023
Billions;10;7;Showtime;Etats-Unis;episode10-409767-13102023-saison7-Billions.html;13102023
Bria Mack Gets A Life;1;1;Showtime;Etats-Unis;episode01-410332-13102023-saison1-Bria-Mack-Gets-A-Life.html;13102023
Bria Mack Gets A Life;2;1;Showtime;Etats-Unis;episode02-410333-13102023-saison1-Bria-Mack-Gets-A-Life.html;13102023
Bria Mack Gets A Life;3;1;Showtime;Etats-Unis;episode03-410334-13102023-saison1-Bria-Mack-Gets-A-Life.html;13102023
Creepshow;1;4;Showtime;Etats-Unis;episode01-410146-13102023-saison4-Creepshow.html;13102023
Demain nous appartient;40;7;Showtime;Etats-Unis;episode40-411037-13102023-saison7-Demain-nous-appartient.html;13102023
Die Quellen des Bösen;1;1;Showtime;Etats-Unis;episode01-411207-13102023-saison1-Die-Quellen-des-Bosen.html;13102023
Die Quellen des Bösen;2;1;Showtime;Etats-Unis;episode02-411208-13102023-saison1-Die-Quellen-des-Bosen.html;13102023
Die Quellen des Bösen;3;1;Showtime;Etats-Unis;episode03-411209-13102023-saison1-Die-Quellen-des-Bosen.html;13102023
Die Quellen des Bösen;4;1;Showtime;Etats-Unis;episode04-411210-13102023-saison1-Die-Quellen-des-Bosen.html;13102023
Die Quellen des Bösen;5;1;Showtime;Etats-Unis;episode05-411211-13102023-saison1-Die-Quellen-des-Bosen.html;13102023
Die Quellen des Bösen;6;1;Showtime;Etats-Unis;episode06-411212-13102023-saison1-Die-Quellen-des-Bosen.html;13102023
Familjen Andersson;9;1;Showtime;Etats-Unis;episode09-409540-13102023-saison1-Familjen-Andersson.html;13102023
Gaslight;7;1;Showtime;Etats-Unis;episode07-410683-13102023-saison1-Gaslight.html;13102023
Gaslight;8;1;Showtime;Etats-Unis;episode08-410684-13102023-saison1-Gaslight.html;13102023
Gaslight;9;1;Showtime;Etats-Unis;episode09-410685-13102023-saison1-Gaslight.html;13102023
Gen V;5;1;Showtime;Etats-Unis;episode05-408429-13102023-saison1-Gen-V.html;13102023
Goosebumps (2023);1;1;Showtime;Etats-Unis;episode01-409978-13102023-saison1-Goosebumps-(2023).html;13102023
Goosebumps (2023);2;1;Showtime;Etats-Unis;episode02-409979-13102023-saison1-Goosebumps-(2023).html;13102023
Goosebumps (2023);3;1;Showtime;Etats-Unis;episode03-409980-13102023-saison1-Goosebumps-(2023).html;13102023
Goosebumps (2023);4;1;Showtime;Etats-Unis;episode04-409981-13102023-saison1-Goosebumps-(2023).html;13102023
Goosebumps (2023);5;1;Showtime;Etats-Unis;episode05-409982-13102023-saison1-Goosebumps-(2023).html;13102023
Ici tout commence;35;4;Showtime;Etats-Unis;episode35-411042-13102023-saison4-Ici-tout-commence.html;13102023
John Carpenter's Suburban Screams;1;1;Showtime;Etats-Unis;episode01-410425-13102023-saison1-John-Carpenter-s-Suburban-Screams.html;13102023
Lessons In Chemistry;1;1;Showtime;Etats-Unis;episode01-406597-13102023-saison1-Lessons-In-Chemistry.html;13102023
Lessons In Chemistry;2;1;Showtime;Etats-Unis;episode02-406598-13102023-saison1-Lessons-In-Chemistry.html;13102023
Power Book IV: Force;7;2;Showtime;Etats-Unis;episode07-410802-13102023-saison2-Power-Book-IV-Force.html;13102023
Shining Vale;1;2;Showtime;Etats-Unis;episode01-409054-13102023-saison2-Shining-Vale.html;13102023
Shoresy;4;2;Showtime;Etats-Unis;episode04-410867-13102023-saison2-Shoresy.html;13102023
SOKO Leipzig;8;24;Showtime;Etats-Unis;episode08-410562-13102023-saison24-SOKO-Leipzig.html;13102023
Solsidan;4;8;Showtime;Etats-Unis;episode04-411053-13102023-saison8-Solsidan.html;13102023
Still Up;6;1;Showtime;Etats-Unis;episode06-408947-13102023-saison1-Still-Up.html;13102023
The Changeling;8;1;Showtime;Etats-Unis;episode08-408183-13102023-saison1-The-Changeling.html;13102023
The Good Ship Murder;1;1;Showtime;Etats-Unis;episode01-410952-13102023-saison1-The-Good-Ship-Murder.html;13102023
Transplant;2;4;Showtime;Etats-Unis;episode02-409737-13102023-saison4-Transplant.html;13102023
Un Si Grand Soleil;30;6;Showtime;Etats-Unis;episode30-411046-13102023-saison6-Un-Si-Grand-Soleil.html;13102023
All Rise;15;3;OWN;Etats-Unis;episode15-410329-14102023-saison3-All-Rise.html;14102023
Arthdal Chronicles;11;2;OWN;Etats-Unis;episode11-411012-14102023-saison2-Arthdal-Chronicles.html;14102023
Boomer;7;1;OWN;Etats-Unis;episode07-409828-14102023-saison1-Boomer.html;14102023
Arthdal Chronicles;12;2;tvN;Corée du Sud;episode12-411013-15102023-saison2-Arthdal-Chronicles.html;15102023
Billy the Kid;1;2;tvN;Corée du Sud;episode01-409587-15102023-saison2-Billy-the-Kid.html;15102023
Entre Tierras;6;1;tvN;Corée du Sud;episode06-410972-15102023-saison1-Entre-Tierras.html;15102023
Heartland (CA);3;17;tvN;Corée du Sud;episode03-410869-15102023-saison17-Heartland-(CA).html;15102023
Last Week Tonight With John Oliver;13;10;tvN;Corée du Sud;episode13-411282-15102023-saison10-Last-Week-Tonight-With-John-Oliver.html;15102023
Les Mystères de l'amour;10;33;tvN;Corée du Sud;episode10-410795-15102023-saison33-Les-Mysteres-de-l-amour.html;15102023
Pantheon;1;2;tvN;Corée du Sud;episode01-411163-15102023-saison2-Pantheon.html;15102023
Pantheon;2;2;tvN;Corée du Sud;episode02-411164-15102023-saison2-Pantheon.html;15102023
Pantheon;3;2;tvN;Corée du Sud;episode03-411165-15102023-saison2-Pantheon.html;15102023
Pantheon;4;2;tvN;Corée du Sud;episode04-411166-15102023-saison2-Pantheon.html;15102023
Pantheon;5;2;tvN;Corée du Sud;episode05-411167-15102023-saison2-Pantheon.html;15102023
Pantheon;6;2;tvN;Corée du Sud;episode06-411168-15102023-saison2-Pantheon.html;15102023
Pantheon;7;2;tvN;Corée du Sud;episode07-411169-15102023-saison2-Pantheon.html;15102023
Pantheon;8;2;tvN;Corée du Sud;episode08-411170-15102023-saison2-Pantheon.html;15102023
Rick and Morty;1;7;tvN;Corée du Sud;episode01-409644-15102023-saison7-Rick-and-Morty.html;15102023
SkyMed;3;2;tvN;Corée du Sud;episode03-410741-15102023-saison2-SkyMed.html;15102023
The Walking Dead: Daryl Dixon;6;1;tvN;Corée du Sud;episode06-409849-15102023-saison1-The-Walking-Dead-Daryl-Dixon.html;15102023
The Winter King;7;1;tvN;Corée du Sud;episode07-409133-15102023-saison1-The-Winter-King.html;15102023
When Calls the Heart;12;10;tvN;Corée du Sud;episode12-407541-15102023-saison10-When-Calls-the-Heart.html;15102023
5è Rang;6;6;Radio Canada;Canada;episode06-411292-16102023-saison6-5e-Rang.html;16102023
Acting Good;1;2;Radio Canada;Canada;episode01-411121-16102023-saison2-Acting-Good.html;16102023
D'argent et de sang;1;1;Radio Canada;Canada;episode01-410171-16102023-saison1-D-argent-et-de-sang.html;16102023
Harry Wild;3;2;Radio Canada;Canada;episode03-410201-16102023-saison2-Harry-Wild.html;16102023
Murdoch Mysteries;3;17;Radio Canada;Canada;episode03-410870-16102023-saison17-Murdoch-Mysteries.html;16102023
Narvalo;6;3;Radio Canada;Canada;episode06-410630-16102023-saison3-Narvalo.html;16102023
SOKO Potsdam;4;6;Radio Canada;Canada;episode04-410909-16102023-saison6-SOKO-Potsdam.html;16102023
The Irrational;4;1;Radio Canada;Canada;episode04-409863-16102023-saison1-The-Irrational.html;16102023
Found;3;1;NBC;Etats-Unis;episode03-409894-17102023-saison1-Found.html;17102023
The Oval;1;5;NBC;Etats-Unis;episode01-410192-17102023-saison5-The-Oval.html;17102023
American Horror Story;5;12;FX;Etats-Unis;episode05-410785-18102023-saison12-American-Horror-Story.html;18102023
Bones of Crows;5;1;FX;Etats-Unis;episode05-410805-18102023-saison1-Bones-of-Crows.html;18102023
Children Ruin Everything;4;3;FX;Etats-Unis;episode04-411015-18102023-saison3-Children-Ruin-Everything.html;18102023
Chucky;3;3;FX;Etats-Unis;episode03-409116-18102023-saison3-Chucky.html;18102023
Cooper's Bar;3;2;FX;Etats-Unis;episode03-411063-18102023-saison2-Cooper-s-Bar.html;18102023
Hudson & Rex;3;6;FX;Etats-Unis;episode03-411097-18102023-saison6-Hudson--Rex.html;18102023
Invasion (2021);9;2;FX;Etats-Unis;episode09-407973-18102023-saison2-Invasion-(2021).html;18102023
Kaala Paani;1;1;FX;Etats-Unis;episode01-410946-18102023-saison1-Kaala-Paani.html;18102023
Kaala Paani;2;1;FX;Etats-Unis;episode02-411286-18102023-saison1-Kaala-Paani.html;18102023
Kaala Paani;3;1;FX;Etats-Unis;episode03-411287-18102023-saison1-Kaala-Paani.html;18102023
Kaala Paani;4;1;FX;Etats-Unis;episode04-411288-18102023-saison1-Kaala-Paani.html;18102023
Kaala Paani;5;1;FX;Etats-Unis;episode05-411289-18102023-saison1-Kaala-Paani.html;18102023
Kaala Paani;6;1;FX;Etats-Unis;episode06-411290-18102023-saison1-Kaala-Paani.html;18102023
Kaala Paani;7;1;FX;Etats-Unis;episode07-411291-18102023-saison1-Kaala-Paani.html;18102023
Les invisibles (FRA);1;3;FX;Etats-Unis;episode01-411303-18102023-saison3-Les-invisibles-(FRA).html;18102023
Les invisibles (FRA);2;3;FX;Etats-Unis;episode02-411304-18102023-saison3-Les-invisibles-(FRA).html;18102023
Les invisibles (FRA);3;3;FX;Etats-Unis;episode03-411305-18102023-saison3-Les-invisibles-(FRA).html;18102023
Les invisibles (FRA);4;3;FX;Etats-Unis;episode04-411306-18102023-saison3-Les-invisibles-(FRA).html;18102023
Les invisibles (FRA);5;3;FX;Etats-Unis;episode05-411307-18102023-saison3-Les-invisibles-(FRA).html;18102023
Les invisibles (FRA);6;3;FX;Etats-Unis;episode06-411308-18102023-saison3-Les-invisibles-(FRA).html;18102023
Magnum P.I. (2018);13;5;FX;Etats-Unis;episode13-410784-18102023-saison5-Magnum-PI-(2018).html;18102023
Quantum Leap (2022);3;2;FX;Etats-Unis;episode03-409964-18102023-saison2-Quantum-Leap-(2022).html;18102023
Robyn Hood;4;1;FX;Etats-Unis;episode04-410951-18102023-saison1-Robyn-Hood.html;18102023
Sistas;12;6;FX;Etats-Unis;episode12-410186-18102023-saison6-Sistas.html;18102023
SurrealEstate;3;2;FX;Etats-Unis;episode03-410882-18102023-saison2-SurrealEstate.html;18102023
The Morning Show;7;3;FX;Etats-Unis;episode07-407702-18102023-saison3-The-Morning-Show.html;18102023
The Worst of Evil;8;1;FX;Etats-Unis;episode08-410770-18102023-saison1-The-Worst-of-Evil.html;18102023
The Worst of Evil;9;1;FX;Etats-Unis;episode09-410771-18102023-saison1-The-Worst-of-Evil.html;18102023
Young Dylan;7;4;FX;Etats-Unis;episode07-410806-18102023-saison4-Young-Dylan.html;18102023
All Creatures Great and Small (2020);3;4;Channel 5;Royaume-Uni;episode03-410817-19102023-saison4-All-Creatures-Great-and-Small-(2020).html;19102023
À La Carte;6;2;Channel 5;Royaume-Uni;episode06-410519-19102023-saison2-A-La-Carte.html;19102023
Bodies (2023);1;1;Channel 5;Royaume-Uni;episode01-409738-19102023-saison1-Bodies-(2023).html;19102023
Bodies (2023);2;1;Channel 5;Royaume-Uni;episode02-409150-19102023-saison1-Bodies-(2023).html;19102023
Bodies (2023);3;1;Channel 5;Royaume-Uni;episode03-409149-19102023-saison1-Bodies-(2023).html;19102023
Bodies (2023);4;1;Channel 5;Royaume-Uni;episode04-409148-19102023-saison1-Bodies-(2023).html;19102023
Bodies (2023);5;1;Channel 5;Royaume-Uni;episode05-411058-19102023-saison1-Bodies-(2023).html;19102023
Bodies (2023);6;1;Channel 5;Royaume-Uni;episode06-411059-19102023-saison1-Bodies-(2023).html;19102023
Bodies (2023);7;1;Channel 5;Royaume-Uni;episode07-411060-19102023-saison1-Bodies-(2023).html;19102023
Bodies (2023);8;1;Channel 5;Royaume-Uni;episode08-411061-19102023-saison1-Bodies-(2023).html;19102023
Doom Patrol;9;4;Channel 5;Royaume-Uni;episode09-410006-19102023-saison4-Doom-Patrol.html;19102023
Frasier (2023);3;1;Channel 5;Royaume-Uni;episode03-409725-19102023-saison1-Frasier-(2023).html;19102023
La Mesias;3;1;Channel 5;Royaume-Uni;episode03-410545-19102023-saison1-La-Mesias.html;19102023
Les révoltés;9;1;Channel 5;Royaume-Uni;episode09-411205-19102023-saison1-Les-revoltes.html;19102023
Les révoltés;10;1;Channel 5;Royaume-Uni;episode10-411206-19102023-saison1-Les-revoltes.html;19102023
Loki;3;2;Channel 5;Royaume-Uni;episode03-410903-19102023-saison2-Loki.html;19102023
LT-21;3;1;Channel 5;Royaume-Uni;episode03-408964-19102023-saison1-LT-21.html;19102023
LT-21;4;1;Channel 5;Royaume-Uni;episode04-408965-19102023-saison1-LT-21.html;19102023
Nackt über Berlin;4;1;Channel 5;Royaume-Uni;episode04-410611-19102023-saison1-Nackt-uber-Berlin.html;19102023
Nackt über Berlin;5;1;Channel 5;Royaume-Uni;episode05-410612-19102023-saison1-Nackt-uber-Berlin.html;19102023
Nackt über Berlin;6;1;Channel 5;Royaume-Uni;episode06-410613-19102023-saison1-Nackt-uber-Berlin.html;19102023
Neon;1;1;Channel 5;Royaume-Uni;episode01-409747-19102023-saison1-Neon.html;19102023
Neon;2;1;Channel 5;Royaume-Uni;episode02-409748-19102023-saison1-Neon.html;19102023
Neon;3;1;Channel 5;Royaume-Uni;episode03-409749-19102023-saison1-Neon.html;19102023
Neon;4;1;Channel 5;Royaume-Uni;episode04-409750-19102023-saison1-Neon.html;19102023
Neon;5;1;Channel 5;Royaume-Uni;episode05-409751-19102023-saison1-Neon.html;19102023
Neon;6;1;Channel 5;Royaume-Uni;episode06-409752-19102023-saison1-Neon.html;19102023
Neon;7;1;Channel 5;Royaume-Uni;episode07-409753-19102023-saison1-Neon.html;19102023
Neon;8;1;Channel 5;Royaume-Uni;episode08-409754-19102023-saison1-Neon.html;19102023
Our Flag Means Death;6;2;Channel 5;Royaume-Uni;episode06-409667-19102023-saison2-Our-Flag-Means-Death.html;19102023
Our Flag Means Death;7;2;Channel 5;Royaume-Uni;episode07-409668-19102023-saison2-Our-Flag-Means-Death.html;19102023
Star Trek: Lower Decks;8;4;Channel 5;Royaume-Uni;episode08-409762-19102023-saison4-Star-Trek-Lower-Decks.html;19102023
The Burning Girls;1;1;Channel 5;Royaume-Uni;episode01-410587-19102023-saison1-The-Burning-Girls.html;19102023
The Burning Girls;2;1;Channel 5;Royaume-Uni;episode02-411309-19102023-saison1-The-Burning-Girls.html;19102023
The Burning Girls;3;1;Channel 5;Royaume-Uni;episode03-411310-19102023-saison1-The-Burning-Girls.html;19102023
The Burning Girls;4;1;Channel 5;Royaume-Uni;episode04-411311-19102023-saison1-The-Burning-Girls.html;19102023
The Burning Girls;5;1;Channel 5;Royaume-Uni;episode05-411312-19102023-saison1-The-Burning-Girls.html;19102023
The Burning Girls;6;1;Channel 5;Royaume-Uni;episode06-411313-19102023-saison1-The-Burning-Girls.html;19102023
Wicked City (2022);1;2;Channel 5;Royaume-Uni;episode01-411118-19102023-saison2-Wicked-City-(2022).html;19102023
Wolf Like Me;1;2;Channel 5;Royaume-Uni;episode01-409700-19102023-saison2-Wolf-Like-Me.html;19102023
Wolf Like Me;2;2;Channel 5;Royaume-Uni;episode02-409701-19102023-saison2-Wolf-Like-Me.html;19102023
Wolf Like Me;3;2;Channel 5;Royaume-Uni;episode03-409702-19102023-saison2-Wolf-Like-Me.html;19102023
Wolf Like Me;4;2;Channel 5;Royaume-Uni;episode04-409703-19102023-saison2-Wolf-Like-Me.html;19102023
Wolf Like Me;5;2;Channel 5;Royaume-Uni;episode05-409704-19102023-saison2-Wolf-Like-Me.html;19102023
Wolf Like Me;6;2;Channel 5;Royaume-Uni;episode06-409705-19102023-saison2-Wolf-Like-Me.html;19102023
Wolf Like Me;7;2;Channel 5;Royaume-Uni;episode07-409706-19102023-saison2-Wolf-Like-Me.html;19102023
Big Mouth;1;7;Netflix;Etats-Unis;episode01-410260-20102023-saison7-Big-Mouth.html;20102023
Big Mouth;2;7;Netflix;Etats-Unis;episode02-411318-20102023-saison7-Big-Mouth.html;20102023
Big Mouth;3;7;Netflix;Etats-Unis;episode03-411319-20102023-saison7-Big-Mouth.html;20102023
Big Mouth;4;7;Netflix;Etats-Unis;episode04-411320-20102023-saison7-Big-Mouth.html;20102023
Big Mouth;5;7;Netflix;Etats-Unis;episode05-411321-20102023-saison7-Big-Mouth.html;20102023
Big Mouth;6;7;Netflix;Etats-Unis;episode06-411322-20102023-saison7-Big-Mouth.html;20102023
Big Mouth;7;7;Netflix;Etats-Unis;episode07-411323-20102023-saison7-Big-Mouth.html;20102023
Big Mouth;8;7;Netflix;Etats-Unis;episode08-411324-20102023-saison7-Big-Mouth.html;20102023
Big Mouth;9;7;Netflix;Etats-Unis;episode09-411325-20102023-saison7-Big-Mouth.html;20102023
Big Mouth;10;7;Netflix;Etats-Unis;episode10-411326-20102023-saison7-Big-Mouth.html;20102023
Billions;11;7;Netflix;Etats-Unis;episode11-409776-20102023-saison7-Billions.html;20102023
Bosch: Legacy;1;2;Netflix;Etats-Unis;episode01-409707-20102023-saison2-Bosch-Legacy.html;20102023
Bosch: Legacy;2;2;Netflix;Etats-Unis;episode02-409708-20102023-saison2-Bosch-Legacy.html;20102023
Bosch: Legacy;3;2;Netflix;Etats-Unis;episode03-409709-20102023-saison2-Bosch-Legacy.html;20102023
Bosch: Legacy;4;2;Netflix;Etats-Unis;episode04-409710-20102023-saison2-Bosch-Legacy.html;20102023
Bria Mack Gets A Life;4;1;Netflix;Etats-Unis;episode04-410335-20102023-saison1-Bria-Mack-Gets-A-Life.html;20102023
Bria Mack Gets A Life;5;1;Netflix;Etats-Unis;episode05-410336-20102023-saison1-Bria-Mack-Gets-A-Life.html;20102023
Bria Mack Gets A Life;6;1;Netflix;Etats-Unis;episode06-410337-20102023-saison1-Bria-Mack-Gets-A-Life.html;20102023
Doona!;1;1;Netflix;Etats-Unis;episode01-410162-20102023-saison1-Doona.html;20102023
Doona!;2;1;Netflix;Etats-Unis;episode02-410163-20102023-saison1-Doona.html;20102023
Doona!;3;1;Netflix;Etats-Unis;episode03-410164-20102023-saison1-Doona.html;20102023
Doona!;4;1;Netflix;Etats-Unis;episode04-410165-20102023-saison1-Doona.html;20102023
Doona!;5;1;Netflix;Etats-Unis;episode05-410166-20102023-saison1-Doona.html;20102023
Doona!;6;1;Netflix;Etats-Unis;episode06-410167-20102023-saison1-Doona.html;20102023
Doona!;7;1;Netflix;Etats-Unis;episode07-410168-20102023-saison1-Doona.html;20102023
Doona!;8;1;Netflix;Etats-Unis;episode08-410169-20102023-saison1-Doona.html;20102023
Doona!;9;1;Netflix;Etats-Unis;episode09-410170-20102023-saison1-Doona.html;20102023
Élite;1;7;Netflix;Etats-Unis;episode01-407350-20102023-saison7-Elite.html;20102023
Élite;2;7;Netflix;Etats-Unis;episode02-407351-20102023-saison7-Elite.html;20102023
Élite;3;7;Netflix;Etats-Unis;episode03-407352-20102023-saison7-Elite.html;20102023
Élite;4;7;Netflix;Etats-Unis;episode04-407353-20102023-saison7-Elite.html;20102023
Élite;5;7;Netflix;Etats-Unis;episode05-407354-20102023-saison7-Elite.html;20102023
Élite;6;7;Netflix;Etats-Unis;episode06-407355-20102023-saison7-Elite.html;20102023
Élite;7;7;Netflix;Etats-Unis;episode07-407356-20102023-saison7-Elite.html;20102023
Élite;8;7;Netflix;Etats-Unis;episode08-407357-20102023-saison7-Elite.html;20102023
Familjen Andersson;10;1;Netflix;Etats-Unis;episode10-409541-20102023-saison1-Familjen-Andersson.html;20102023
Gen V;6;1;Netflix;Etats-Unis;episode06-408430-20102023-saison1-Gen-V.html;20102023
Goosebumps (2023);6;1;Netflix;Etats-Unis;episode06-409983-20102023-saison1-Goosebumps-(2023).html;20102023
Lessons In Chemistry;3;1;Netflix;Etats-Unis;episode03-406599-20102023-saison1-Lessons-In-Chemistry.html;20102023
Power Book IV: Force;8;2;Netflix;Etats-Unis;episode08-410987-20102023-saison2-Power-Book-IV-Force.html;20102023
Shining Vale;2;2;Netflix;Etats-Unis;episode02-411122-20102023-saison2-Shining-Vale.html;20102023
SOKO Leipzig;9;24;Netflix;Etats-Unis;episode09-410563-20102023-saison24-SOKO-Leipzig.html;20102023
Still Up;7;1;Netflix;Etats-Unis;episode07-408948-20102023-saison1-Still-Up.html;20102023
The Good Ship Murder;2;1;Netflix;Etats-Unis;episode02-410953-20102023-saison1-The-Good-Ship-Murder.html;20102023
Transplant;3;4;Netflix;Etats-Unis;episode03-409839-20102023-saison4-Transplant.html;20102023
Upload;1;3;Netflix;Etats-Unis;episode01-410010-20102023-saison3-Upload.html;20102023
Upload;2;3;Netflix;Etats-Unis;episode02-410011-20102023-saison3-Upload.html;20102023
Yaratilan;1;1;Netflix;Etats-Unis;episode01-409988-20102023-saison1-Yaratilan.html;20102023
Yaratilan;2;1;Netflix;Etats-Unis;episode02-411327-20102023-saison1-Yaratilan.html;20102023
Yaratilan;3;1;Netflix;Etats-Unis;episode03-411328-20102023-saison1-Yaratilan.html;20102023
Yaratilan;4;1;Netflix;Etats-Unis;episode04-411329-20102023-saison1-Yaratilan.html;20102023
Yaratilan;5;1;Netflix;Etats-Unis;episode05-411330-20102023-saison1-Yaratilan.html;20102023
Yaratilan;6;1;Netflix;Etats-Unis;episode06-411331-20102023-saison1-Yaratilan.html;20102023
Yaratilan;7;1;Netflix;Etats-Unis;episode07-411332-20102023-saison1-Yaratilan.html;20102023
Yaratilan;8;1;Netflix;Etats-Unis;episode08-411333-20102023-saison1-Yaratilan.html;20102023
Billy the Kid;2;2;Epix;Etats-Unis;episode02-409588-22102023-saison2-Billy-the-Kid.html;22102023
Bob's Burgers;3;14;Epix;Etats-Unis;episode03-410885-22102023-saison14-Bob-s-Burgers.html;22102023
Entre Tierras;7;1;Epix;Etats-Unis;episode07-410973-22102023-saison1-Entre-Tierras.html;22102023
Family Guy;3;22;Epix;Etats-Unis;episode03-410998-22102023-saison22-Family-Guy.html;22102023
Fear the Walking Dead;7;8;Epix;Etats-Unis;episode07-408754-22102023-saison8-Fear-the-Walking-Dead.html;22102023
Heartland (CA);4;17;Epix;Etats-Unis;episode04-410871-22102023-saison17-Heartland-(CA).html;22102023
Krapopolis;5;1;Epix;Etats-Unis;episode05-410699-22102023-saison1-Krapopolis.html;22102023
Les Mystères de l'amour;11;33;Epix;Etats-Unis;episode11-410883-22102023-saison33-Les-Mysteres-de-l-amour.html;22102023
Rick and Morty;2;7;Epix;Etats-Unis;episode02-410175-22102023-saison7-Rick-and-Morty.html;22102023
SkyMed;4;2;Epix;Etats-Unis;episode04-411101-22102023-saison2-SkyMed.html;22102023
The Simpsons;3;35;Epix;Etats-Unis;episode03-410884-22102023-saison35-The-Simpsons.html;22102023
The Villains of Valley View;17;2;Epix;Etats-Unis;episode17-411283-22102023-saison2-The-Villains-of-Valley-View.html;22102023
The Winter King;8;1;Epix;Etats-Unis;episode08-409134-22102023-saison1-The-Winter-King.html;22102023
30 Monedas;1;2;HBO Europe;Europe;episode01-410606-23102023-saison2-30-Monedas.html;23102023
5è Rang;7;6;HBO Europe;Europe;episode07-411293-23102023-saison6-5e-Rang.html;23102023
Acting Good;2;2;HBO Europe;Europe;episode02-411294-23102023-saison2-Acting-Good.html;23102023
Harry Wild;4;2;HBO Europe;Europe;episode04-410202-23102023-saison2-Harry-Wild.html;23102023
Murdoch Mysteries;4;17;HBO Europe;Europe;episode04-410872-23102023-saison17-Murdoch-Mysteries.html;23102023
Narvalo;7;3;HBO Europe;Europe;episode07-410631-23102023-saison3-Narvalo.html;23102023
SOKO Potsdam;5;6;HBO Europe;Europe;episode05-410910-23102023-saison6-SOKO-Potsdam.html;23102023
Spooky Files;1;1;HBO Europe;Europe;episode01-411213-23102023-saison1-Spooky-Files.html;23102023
Spooky Files;2;1;HBO Europe;Europe;episode02-411214-23102023-saison1-Spooky-Files.html;23102023
Spooky Files;3;1;HBO Europe;Europe;episode03-411215-23102023-saison1-Spooky-Files.html;23102023
Spooky Files;4;1;HBO Europe;Europe;episode04-411216-23102023-saison1-Spooky-Files.html;23102023
Spooky Files;5;1;HBO Europe;Europe;episode05-411217-23102023-saison1-Spooky-Files.html;23102023
The Irrational;5;1;HBO Europe;Europe;episode05-409864-23102023-saison1-The-Irrational.html;23102023
Found;4;1;NBC;Etats-Unis;episode04-409895-24102023-saison1-Found.html;24102023
The Oval;2;5;NBC;Etats-Unis;episode02-411123-24102023-saison5-The-Oval.html;24102023
Absolutni debiutanci;1;1;Netflix;Etats-Unis;episode01-410956-25102023-saison1-Absolutni-debiutanci.html;25102023
American Horror Story;6;12;Netflix;Etats-Unis;episode06-410999-25102023-saison12-American-Horror-Story.html;25102023
Chucky;4;3;Netflix;Etats-Unis;episode04-409117-25102023-saison3-Chucky.html;25102023
Cooper's Bar;4;2;Netflix;Etats-Unis;episode04-411064-25102023-saison2-Cooper-s-Bar.html;25102023
Hudson & Rex;4;6;Netflix;Etats-Unis;episode04-411098-25102023-saison6-Hudson--Rex.html;25102023
I Leoni di Sicilia;1;1;Netflix;Etats-Unis;episode01-411334-25102023-saison1-I-Leoni-di-Sicilia.html;25102023
I Leoni di Sicilia;2;1;Netflix;Etats-Unis;episode02-411335-25102023-saison1-I-Leoni-di-Sicilia.html;25102023
I Leoni di Sicilia;3;1;Netflix;Etats-Unis;episode03-411336-25102023-saison1-I-Leoni-di-Sicilia.html;25102023
I Leoni di Sicilia;4;1;Netflix;Etats-Unis;episode04-411337-25102023-saison1-I-Leoni-di-Sicilia.html;25102023
Invasion (2021);10;2;Netflix;Etats-Unis;episode10-407974-25102023-saison2-Invasion-(2021).html;25102023
Magnum P.I. (2018);14;5;Netflix;Etats-Unis;episode14-410786-25102023-saison5-Magnum-PI-(2018).html;25102023
Quantum Leap (2022);4;2;Netflix;Etats-Unis;episode04-410254-25102023-saison2-Quantum-Leap-(2022).html;25102023
Robyn Hood;5;1;Netflix;Etats-Unis;episode05-411016-25102023-saison1-Robyn-Hood.html;25102023
Sistas;13;6;Netflix;Etats-Unis;episode13-411158-25102023-saison6-Sistas.html;25102023
SurrealEstate;4;2;Netflix;Etats-Unis;episode04-410886-25102023-saison2-SurrealEstate.html;25102023
The Morning Show;8;3;Netflix;Etats-Unis;episode08-407703-25102023-saison3-The-Morning-Show.html;25102023
The Worst of Evil;10;1;Netflix;Etats-Unis;episode10-410772-25102023-saison1-The-Worst-of-Evil.html;25102023
The Worst of Evil;11;1;Netflix;Etats-Unis;episode11-410773-25102023-saison1-The-Worst-of-Evil.html;25102023
The Worst of Evil;12;1;Netflix;Etats-Unis;episode12-410774-25102023-saison1-The-Worst-of-Evil.html;25102023
Young Dylan;8;4;Netflix;Etats-Unis;episode08-410988-25102023-saison4-Young-Dylan.html;25102023
All Creatures Great and Small (2020);4;4;Channel 5;Royaume-Uni;episode04-410984-26102023-saison4-All-Creatures-Great-and-Small-(2020).html;26102023
American Horror Stories;1;3;Channel 5;Royaume-Uni;episode01-409055-26102023-saison3-American-Horror-Stories.html;26102023
American Horror Stories;2;3;Channel 5;Royaume-Uni;episode02-411055-26102023-saison3-American-Horror-Stories.html;26102023
American Horror Stories;3;3;Channel 5;Royaume-Uni;episode03-411056-26102023-saison3-American-Horror-Stories.html;26102023
American Horror Stories;4;3;Channel 5;Royaume-Uni;episode04-411057-26102023-saison3-American-Horror-Stories.html;26102023
À La Carte;7;2;Channel 5;Royaume-Uni;episode07-410520-26102023-saison2-A-La-Carte.html;26102023
Doom Patrol;10;4;Channel 5;Royaume-Uni;episode10-410007-26102023-saison4-Doom-Patrol.html;26102023
Frasier (2023);4;1;Channel 5;Royaume-Uni;episode04-409726-26102023-saison1-Frasier-(2023).html;26102023
La Mesias;4;1;Channel 5;Royaume-Uni;episode04-410546-26102023-saison1-La-Mesias.html;26102023
Loki;4;2;Channel 5;Royaume-Uni;episode04-410904-26102023-saison2-Loki.html;26102023
LT-21;5;1;Channel 5;Royaume-Uni;episode05-408966-26102023-saison1-LT-21.html;26102023
LT-21;6;1;Channel 5;Royaume-Uni;episode06-408967-26102023-saison1-LT-21.html;26102023
Our Flag Means Death;8;2;Channel 5;Royaume-Uni;episode08-409669-26102023-saison2-Our-Flag-Means-Death.html;26102023
Pluto;1;1;Channel 5;Royaume-Uni;episode01-406634-26102023-saison1-Pluto.html;26102023
Star Trek: Lower Decks;9;4;Channel 5;Royaume-Uni;episode09-409763-26102023-saison4-Star-Trek-Lower-Decks.html;26102023
The Vanishing Triangle;1;1;Channel 5;Royaume-Uni;episode01-410193-26102023-saison1-The-Vanishing-Triangle.html;26102023
The Vanishing Triangle;2;1;Channel 5;Royaume-Uni;episode02-410194-26102023-saison1-The-Vanishing-Triangle.html;26102023
Billions;12;7;Showtime;Etats-Unis;episode12-409777-27102023-saison7-Billions.html;27102023
Bosch: Legacy;5;2;Showtime;Etats-Unis;episode05-409711-27102023-saison2-Bosch-Legacy.html;27102023
Bosch: Legacy;6;2;Showtime;Etats-Unis;episode06-409712-27102023-saison2-Bosch-Legacy.html;27102023
Fellow Travelers 1;1;1;Showtime;Etats-Unis;episode01-409066-27102023-saison1-Fellow-Travelers-1.html;27102023
Gen V;7;1;Showtime;Etats-Unis;episode07-408431-27102023-saison1-Gen-V.html;27102023
Goosebumps (2023);7;1;Showtime;Etats-Unis;episode07-409984-27102023-saison1-Goosebumps-(2023).html;27102023
Lessons In Chemistry;4;1;Showtime;Etats-Unis;episode04-406600-27102023-saison1-Lessons-In-Chemistry.html;27102023
Memento Mori;1;1;Showtime;Etats-Unis;episode01-410947-27102023-saison1-Memento-Mori.html;27102023
Shining Vale;3;2;Showtime;Etats-Unis;episode03-411124-27102023-saison2-Shining-Vale.html;27102023
SOKO Leipzig;10;24;Showtime;Etats-Unis;episode10-410564-27102023-saison24-SOKO-Leipzig.html;27102023
Still Up;8;1;Showtime;Etats-Unis;episode08-408949-27102023-saison1-Still-Up.html;27102023
The Good Ship Murder;3;1;Showtime;Etats-Unis;episode03-410954-27102023-saison1-The-Good-Ship-Murder.html;27102023
Tore;1;1;Showtime;Etats-Unis;episode01-410156-27102023-saison1-Tore.html;27102023
Tore;2;1;Showtime;Etats-Unis;episode02-410157-27102023-saison1-Tore.html;27102023
Tore;3;1;Showtime;Etats-Unis;episode03-410158-27102023-saison1-Tore.html;27102023
Tore;4;1;Showtime;Etats-Unis;episode04-410159-27102023-saison1-Tore.html;27102023
Tore;5;1;Showtime;Etats-Unis;episode05-410160-27102023-saison1-Tore.html;27102023
Tore;6;1;Showtime;Etats-Unis;episode06-410161-27102023-saison1-Tore.html;27102023
Transplant;4;4;Showtime;Etats-Unis;episode04-409840-27102023-saison4-Transplant.html;27102023
Upload;3;3;Showtime;Etats-Unis;episode03-410012-27102023-saison3-Upload.html;27102023
Upload;4;3;Showtime;Etats-Unis;episode04-410013-27102023-saison3-Upload.html;27102023
All Rise;17;3;OWN;Etats-Unis;episode17-410331-28102023-saison3-All-Rise.html;28102023
Boomer;9;1;OWN;Etats-Unis;episode09-409830-28102023-saison1-Boomer.html;28102023
Billy the Kid;3;2;Epix;Etats-Unis;episode03-409589-29102023-saison2-Billy-the-Kid.html;29102023
Bob's Burgers;4;14;Epix;Etats-Unis;episode04-410887-29102023-saison14-Bob-s-Burgers.html;29102023
Entre Tierras;8;1;Epix;Etats-Unis;episode08-410974-29102023-saison1-Entre-Tierras.html;29102023
Fear the Walking Dead;8;8;Epix;Etats-Unis;episode08-408755-29102023-saison8-Fear-the-Walking-Dead.html;29102023
Heartland (CA);5;17;Epix;Etats-Unis;episode05-411244-29102023-saison17-Heartland-(CA).html;29102023
Krapopolis;6;1;Epix;Etats-Unis;episode06-410700-29102023-saison1-Krapopolis.html;29102023
Les Mystères de l'amour;12;33;Epix;Etats-Unis;episode12-411100-29102023-saison33-Les-Mysteres-de-l-amour.html;29102023
Rick and Morty;3;7;Epix;Etats-Unis;episode03-411159-29102023-saison7-Rick-and-Morty.html;29102023
SkyMed;5;2;Epix;Etats-Unis;episode05-411280-29102023-saison2-SkyMed.html;29102023
The Gilded Age;1;2;Epix;Etats-Unis;episode01-409717-29102023-saison2-The-Gilded-Age.html;29102023
The Simpsons;4;35;Epix;Etats-Unis;episode04-410985-29102023-saison35-The-Simpsons.html;29102023
The Winter King;9;1;Epix;Etats-Unis;episode09-409135-29102023-saison1-The-Winter-King.html;29102023
Acting Good;3;2;The Comedy Network;Canada;episode03-411295-30102023-saison2-Acting-Good.html;30102023
American Dad!;15;19;The Comedy Network;Canada;episode15-411032-30102023-saison19-American-Dad.html;30102023
Harry Wild;5;2;The Comedy Network;Canada;episode05-410203-30102023-saison2-Harry-Wild.html;30102023
Murdoch Mysteries;5;17;The Comedy Network;Canada;episode05-411017-30102023-saison17-Murdoch-Mysteries.html;30102023
SOKO Potsdam;6;6;The Comedy Network;Canada;episode06-410911-30102023-saison6-SOKO-Potsdam.html;30102023
The Irrational;6;1;The Comedy Network;Canada;episode06-409865-30102023-saison1-The-Irrational.html;30102023
Found;5;1;NBC;Etats-Unis;episode05-409896-31102023-saison1-Found.html;31102023
The Oval;3;5;NBC;Etats-Unis;episode03-411296-31102023-saison5-The-Oval.html;31102023
